製品ID,温度,圧力,電圧,速度,回転数,鋳型条件,砂条件,スイッチ1,スイッチ2,スイッチ3,スイッチ4,NG判定
1,158,28,65,5,95,"A","B",1,1,0,1,1
2,479,41,197,11,87,"B","B",1,1,0,0,0
3,651,44,0,7,99,"C","B",1,1,0,0,0
4,454,50,189,10,90,"C","B",1,1,0,1,0
5,368,25,153,5,87,"B","B",1,1,0,1,0
6,442,35,184,4,108,"B","B",1,1,0,1,0
7,433,20,180,0,97,"B","A",1,0,0,1,0
8,473,47,197,5,105,"C","B",1,1,0,1,0
9,378,31,171,7,99,"B","B",1,1,0,1,0
10,230,30,95,5,103,"A","B",1,1,1,1,1
11,442,27,925,7,95,"B","C",0,1,0,1,0
12,679,37,262,7,95,"C","B",1,1,0,0,0
13,352,21,146,2,118,"C","A",1,0,0,1,1
14,166,19,0,0,113,"A","A",1,0,1,1,1
15,838,84,349,9,98,"C","B",1,1,0,1,0
16,220,24,91,1,97,"A","A",1,0,0,1,1
17,397,34,165,11,97,"B","B",1,1,0,1,0
18,443,36,184,8,96,"C","B",1,1,0,1,0
19,409,42,0,4,85,"B","A",1,0,0,0,1
20,211,28,0,3,111,"A","B",1,1,0,1,1
21,528,21,418,2,98,"C","A",1,0,0,0,0
22,271,30,112,10,109,"B","C",0,1,0,1,0
23,471,28,196,5,93,"B","B",1,1,0,1,0
24,371,36,262,4,100,"B","C",0,1,0,1,1
25,287,40,119,11,107,"A","B",1,1,0,1,0
26,424,20,176,1,112,"B","A",1,0,0,0,0
27,399,22,166,0,98,"B","B",1,1,0,0,0
28,161,18,367,2,103,"A","A",1,0,0,1,1
29,401,36,167,4,79,"B","B",1,1,0,1,1
30,464,38,1395,3,103,"B","B",1,1,0,1,0
31,421,21,703,0,90,"C","A",1,0,0,1,0
32,466,31,53,6,103,"B","B",1,1,0,1,0
33,513,34,213,10,99,"B","B",1,1,0,1,0
34,215,19,89,0,100,"A","C",0,1,0,1,1
35,198,27,82,8,103,"A","A",1,0,0,1,1
36,626,26,260,0,83,"C","B",1,1,0,0,0
37,409,42,0,4,101,"B","A",1,0,0,0,1
38,448,40,646,5,108,"C","B",1,1,0,1,0
39,390,21,162,0,99,"B","A",1,0,0,1,0
40,344,37,143,3,100,"B","B",1,1,0,1,0
41,274,24,114,0,107,"A","B",1,1,0,1,0
42,412,30,171,3,82,"B","B",1,1,1,1,1
43,418,50,174,11,122,"B","B",1,1,0,1,0
44,430,38,179,5,88,"A","C",0,1,0,1,1
45,471,28,196,5,96,"B","B",1,1,0,1,0
46,307,18,127,2,112,"A","C",0,1,0,1,1
47,245,20,102,2,114,"A","A",1,0,0,0,1
48,264,24,0,6,104,"A","C",0,1,0,0,1
49,371,36,262,4,102,"B","C",0,1,0,1,1
50,877,59,365,6,111,"D","B",1,1,1,1,0
51,521,47,217,8,79,"C","B",1,1,0,1,0
52,276,32,277,5,106,"B","B",1,1,0,1,0
53,409,42,0,4,81,"B","A",1,0,0,0,1
54,339,21,141,3,105,"B","C",0,1,0,1,1
55,397,19,624,0,106,"B","C",0,1,0,1,0
56,403,23,0,4,107,"B","B",1,1,1,1,1
57,877,59,365,6,100,"D","B",1,1,1,1,0
58,191,27,79,3,95,"A","A",1,0,0,1,1
59,549,35,228,10,105,"C","B",1,1,0,0,0
60,411,20,0,2,107,"B","C",0,1,0,1,0
61,448,40,646,5,101,"C","B",1,1,0,1,0
62,906,45,377,8,88,"D","B",1,1,1,1,0
63,271,30,112,10,107,"B","C",0,1,0,1,1
64,321,26,295,4,102,"B","A",1,0,0,0,0
65,372,18,155,0,98,"B","B",1,1,0,0,0
66,407,21,118,0,103,"B","A",1,0,1,1,1
67,295,29,122,3,103,"B","B",1,1,0,1,1
68,789,68,328,11,105,"C","B",1,1,0,0,0
69,550,23,0,4,111,"B","C",0,1,0,1,0
70,234,28,598,3,122,"A","B",1,1,0,1,0
71,473,37,197,6,89,"B","B",1,1,0,1,0
72,344,37,143,3,105,"B","B",1,1,0,1,0
73,378,21,1409,1,91,"B","A",1,0,0,1,0
74,474,34,197,7,94,"B","B",1,1,0,0,0
75,644,36,268,5,99,"C","B",1,1,0,1,0
76,433,20,180,0,77,"B","A",1,0,0,1,0
77,455,35,614,8,99,"C","B",1,1,0,1,0
78,338,21,348,0,108,"B","A",1,0,0,0,0
79,527,24,219,3,84,"B","B",1,1,0,1,0
80,588,35,0,5,88,"C","B",1,1,0,1,0
81,353,28,147,5,116,"B","B",1,1,0,1,0
82,582,45,242,6,71,"C","B",1,1,0,1,0
83,353,25,147,3,114,"B","A",1,0,0,1,0
84,410,32,170,7,88,"B","B",1,1,0,0,0
85,601,54,460,10,86,"C","B",1,1,0,1,0
86,827,60,2473,7,102,"D","B",1,1,0,1,0
87,313,32,130,6,96,"B","C",0,1,0,1,1
88,346,20,144,2,100,"B","A",1,0,0,0,0
89,372,35,155,3,85,"B","B",1,1,0,1,0
90,314,26,130,7,110,"B","B",1,1,0,1,0
91,888,48,1120,12,113,"D","B",1,1,0,1,0
92,404,23,168,0,105,"B","B",1,1,0,1,0
93,313,32,130,6,107,"B","C",0,1,0,1,1
94,199,25,524,4,97,"A","A",1,0,0,0,1
95,474,34,197,10,110,"B","B",1,1,0,0,0
96,420,25,175,0,105,"B","A",1,0,0,1,0
97,807,41,336,10,88,"D","B",1,1,0,0,0
98,644,45,268,12,94,"B","B",1,1,0,1,0
99,749,55,0,8,116,"C","B",1,1,0,1,0
100,387,19,299,1,95,"B","C",0,1,0,1,0
101,375,19,0,0,114,"B","A",1,0,1,1,1
102,423,33,176,8,91,"B","B",1,1,1,0,1
103,489,40,203,7,111,"C","B",1,1,0,1,0
104,587,42,1440,17,105,"C","B",1,1,0,1,0
105,393,20,0,0,94,"B","A",1,0,0,1,0
106,313,32,130,6,108,"B","C",0,1,0,1,0
107,591,34,246,6,84,"C","B",1,1,0,1,0
108,443,36,184,8,90,"C","B",1,1,0,1,0
109,523,18,217,2,93,"B","A",1,0,0,1,0
110,307,18,127,2,90,"A","C",0,1,0,1,1
111,506,41,210,11,97,"C","B",1,1,0,1,0
112,810,32,337,6,91,"C","B",1,1,0,1,0
113,220,24,91,1,106,"A","A",1,0,0,1,1
114,906,45,377,8,109,"D","B",1,1,1,1,0
115,451,36,187,4,80,"B","B",1,1,0,1,1
116,411,20,0,2,90,"B","C",0,1,0,1,0
117,455,35,614,8,112,"C","B",1,1,0,1,0
118,553,35,230,6,105,"B","B",1,1,1,0,1
119,147,23,70,4,101,"A","C",0,1,0,1,1
120,349,27,145,3,100,"B","B",1,1,0,0,0
121,679,37,262,7,99,"C","B",1,1,0,0,0
122,684,53,285,10,109,"C","B",1,1,0,0,0
123,329,23,308,3,78,"B","B",1,1,0,1,0
124,447,20,186,0,111,"B","A",1,0,0,1,0
125,549,35,228,10,99,"C","B",1,1,0,0,0
126,429,33,178,6,95,"B","B",1,1,0,1,0
127,521,32,217,8,93,"B","B",1,1,0,1,0
128,269,28,112,5,112,"B","B",1,1,0,0,0
129,650,38,0,6,96,"C","A",1,0,0,1,0
130,447,20,186,0,97,"B","A",1,0,0,1,0
131,388,29,493,3,108,"B","B",1,1,0,1,0
132,147,23,70,4,107,"A","C",0,1,0,1,1
133,264,19,494,0,93,"A","C",0,1,0,1,1
134,355,24,0,4,98,"B","B",1,1,0,1,0
135,447,42,186,4,102,"B","B",1,1,0,0,0
136,409,23,170,3,101,"B","B",1,1,0,1,0
137,541,26,1335,6,82,"B","A",1,0,0,1,0
138,550,23,0,4,105,"B","C",0,1,0,1,0
139,510,42,212,5,88,"B","B",1,1,1,1,1
140,834,44,347,10,94,"D","B",1,1,1,1,0
141,459,30,0,10,102,"B","B",1,1,0,0,0
142,644,45,268,12,96,"B","B",1,1,0,1,0
143,422,27,175,9,104,"B","A",1,0,1,1,1
144,454,29,189,3,109,"B","B",1,1,0,1,0
145,292,29,121,5,107,"B","A",1,0,0,1,0
146,268,26,111,0,113,"A","B",1,1,0,0,1
147,420,25,175,0,97,"B","A",1,0,0,1,0
148,429,43,178,9,120,"B","B",1,1,0,1,1
149,479,41,197,11,104,"B","B",1,1,0,0,0
150,399,27,0,7,109,"B","B",1,1,0,0,0
151,195,18,81,2,101,"A","A",1,0,1,1,1
152,405,31,168,1,99,"B","B",1,1,0,1,1
153,442,35,184,4,97,"B","B",1,1,0,1,0
154,451,36,187,4,89,"B","B",1,1,0,1,0
155,644,42,268,5,95,"C","B",1,1,0,1,0
156,380,33,0,8,104,"B","C",0,1,0,1,1
157,180,23,684,1,114,"A","B",1,1,0,1,1
158,473,47,197,5,81,"C","B",1,1,0,1,0
159,602,63,250,14,108,"B","B",1,1,0,1,0
160,264,19,494,0,112,"A","C",0,1,0,1,1
161,370,26,154,6,89,"B","B",1,1,0,1,0
162,444,43,162,10,81,"B","A",1,0,1,0,1
163,521,47,217,8,108,"C","B",1,1,0,1,0
164,674,45,467,7,107,"C","B",1,1,0,1,0
165,287,27,119,5,99,"A","C",0,1,0,0,1
166,665,42,277,5,91,"B","B",1,1,0,0,0
167,158,28,65,5,98,"A","B",1,1,0,1,1
168,400,27,431,6,95,"B","B",1,1,0,0,0
169,643,50,0,6,106,"C","B",1,1,0,1,0
170,329,23,308,3,101,"B","B",1,1,0,1,0
171,668,50,278,9,104,"C","B",1,1,0,1,0
172,269,24,112,0,98,"A","A",1,0,0,1,1
173,476,34,366,7,106,"B","B",1,1,1,0,1
174,467,41,194,5,107,"B","B",1,1,0,1,0
175,388,29,493,3,90,"B","B",1,1,0,1,0
176,588,35,0,5,92,"C","B",1,1,0,1,0
177,462,30,1487,3,93,"B","B",1,1,0,1,0
178,397,19,624,0,120,"B","C",0,1,0,1,0
179,462,30,1487,3,118,"B","B",1,1,0,1,0
180,256,25,106,4,113,"A","B",1,1,0,1,1
181,383,24,159,3,95,"B","B",1,1,0,1,0
182,447,33,0,10,103,"B","C",0,1,0,0,1
183,276,32,277,5,97,"B","B",1,1,0,1,0
184,498,38,207,13,104,"B","B",1,1,0,1,0
185,367,33,152,4,115,"B","B",1,1,0,0,0
186,644,36,268,5,90,"C","B",1,1,0,1,0
187,554,29,0,4,99,"B","B",1,1,0,1,0
188,473,32,179,5,78,"B","B",1,1,0,0,0
189,425,25,0,6,105,"B","C",0,1,0,1,0
190,473,32,179,5,86,"B","B",1,1,0,0,0
191,546,33,227,4,86,"B","B",1,1,0,0,0
192,237,22,98,2,102,"A","A",1,0,0,1,1
193,443,36,184,8,89,"C","B",1,1,0,1,0
194,355,24,0,4,96,"B","B",1,1,0,1,0
195,321,26,295,4,68,"B","A",1,0,0,0,0
196,375,19,0,0,106,"B","A",1,0,1,1,1
197,327,20,0,0,87,"B","A",1,0,0,1,0
198,423,27,380,4,113,"B","C",0,1,0,0,0
199,383,25,159,4,68,"B","B",1,1,0,1,0
200,429,43,178,9,104,"B","B",1,1,0,1,1
201,401,36,167,4,119,"B","B",1,1,0,1,1
202,408,29,170,2,116,"A","C",0,1,0,1,1
203,442,24,0,2,104,"B","B",1,1,0,0,0
204,601,54,460,10,75,"C","B",1,1,0,1,0
205,554,29,0,4,96,"B","B",1,1,0,1,0
206,367,33,152,4,113,"B","B",1,1,0,0,0
207,697,45,0,13,92,"C","B",1,1,0,0,0
208,923,55,995,7,99,"D","B",1,1,0,1,0
209,147,23,70,4,107,"A","C",0,1,0,1,1
210,313,32,130,6,115,"B","C",0,1,0,1,0
211,485,39,202,4,89,"C","B",1,1,0,1,0
212,271,30,112,10,92,"B","C",0,1,0,1,0
213,506,18,210,2,91,"C","A",1,0,0,1,0
214,912,65,380,11,87,"D","B",1,1,0,1,0
215,670,44,279,7,97,"C","A",1,0,0,1,0
216,475,24,0,1,102,"B","B",1,1,1,0,1
217,448,40,646,5,96,"C","B",1,1,0,1,0
218,481,32,285,6,80,"B","B",1,1,0,0,0
219,211,34,509,7,108,"B","B",1,1,0,1,1
220,323,22,134,3,101,"B","B",1,1,0,0,0
221,405,47,168,9,105,"B","B",1,1,0,1,1
222,665,42,277,5,102,"B","B",1,1,0,0,0
223,412,30,171,3,79,"B","B",1,1,1,1,1
224,399,27,0,7,95,"B","B",1,1,0,0,0
225,498,38,207,13,99,"B","B",1,1,0,1,0
226,220,24,91,1,109,"A","A",1,0,0,1,1
227,425,23,1564,4,100,"C","B",1,1,0,1,0
228,479,47,446,8,109,"B","C",0,1,0,0,1
229,383,25,159,4,100,"B","B",1,1,0,1,0
230,476,34,366,7,94,"B","B",1,1,1,0,1
231,923,55,995,7,95,"D","B",1,1,0,1,0
232,368,25,153,5,83,"B","B",1,1,0,1,0
233,365,30,152,6,98,"B","B",1,1,1,1,0
234,271,25,0,5,102,"A","A",1,0,0,1,1
235,375,35,156,4,101,"B","C",0,1,0,0,0
236,466,20,194,0,105,"B","C",0,1,0,1,0
237,208,23,86,3,106,"A","C",0,1,0,1,0
238,425,31,177,9,94,"B","B",1,1,0,1,0
239,343,29,142,4,97,"B","C",0,1,0,0,0
240,582,45,242,6,108,"C","B",1,1,0,1,0
241,158,28,65,5,108,"A","B",1,1,0,1,1
242,569,27,835,8,121,"B","C",0,1,0,1,1
243,789,45,328,7,108,"C","B",1,1,0,1,0
244,769,63,320,17,108,"C","B",1,1,0,0,0
245,391,23,162,5,92,"B","B",1,1,0,0,0
246,269,21,112,0,101,"A","A",1,0,0,1,1
247,397,36,610,14,96,"B","B",1,1,0,1,0
248,452,25,188,4,80,"B","B",1,1,0,1,0
249,164,28,68,4,98,"A","C",0,1,0,1,1
250,490,36,0,8,85,"B","B",1,1,0,0,0
251,349,27,145,4,82,"B","B",1,1,0,0,0
252,447,20,186,0,94,"B","A",1,0,0,1,0
253,292,29,121,5,104,"B","A",1,0,0,1,0
254,391,23,162,5,92,"B","B",1,1,0,0,0
255,194,24,80,2,113,"A","B",1,1,1,1,1
256,277,27,681,6,93,"A","A",1,0,0,1,1
257,402,31,167,6,98,"B","B",1,1,0,0,0
258,384,53,160,9,83,"B","B",1,1,0,1,0
259,368,25,153,5,118,"B","B",1,1,0,1,0
260,378,29,587,4,114,"B","B",1,1,0,1,0
261,178,22,74,0,103,"A","A",1,0,0,0,1
262,375,37,329,11,87,"C","B",1,1,0,1,0
263,194,24,80,2,106,"A","B",1,1,1,1,1
264,471,40,1346,16,102,"B","A",1,0,0,1,0
265,674,45,467,7,89,"C","B",1,1,0,1,0
266,418,50,174,11,94,"B","B",1,1,0,1,0
267,184,19,76,0,105,"A","A",1,0,1,1,1
268,390,21,162,0,110,"B","A",1,0,0,1,0
269,147,23,70,4,85,"A","C",0,1,0,1,1
270,353,25,147,3,96,"B","A",1,0,0,1,0
271,276,32,277,5,110,"B","B",1,1,0,1,0
272,660,34,0,9,109,"B","B",1,1,1,1,1
273,409,32,170,3,98,"B","C",0,1,0,1,0
274,372,18,155,0,96,"B","B",1,1,0,0,0
275,358,23,0,3,109,"B","B",1,1,0,1,0
276,451,36,187,4,90,"B","B",1,1,0,1,0
277,601,54,460,10,97,"C","B",1,1,0,1,0
278,401,36,167,4,99,"B","B",1,1,0,1,0
279,296,28,461,6,104,"B","A",1,0,0,1,0
280,264,20,110,1,94,"B","A",1,0,1,1,1
281,436,46,181,4,101,"B","B",1,1,0,1,0
282,814,55,339,9,91,"C","B",1,1,0,1,0
283,459,30,0,10,92,"B","B",1,1,0,0,0
284,633,36,0,3,100,"C","B",1,1,0,1,0
285,390,21,162,0,92,"B","A",1,0,0,1,0
286,691,51,287,8,118,"C","C",0,1,0,1,0
287,392,30,163,7,104,"B","A",1,0,0,1,0
288,814,55,339,9,105,"C","B",1,1,0,1,0
289,211,34,509,7,92,"B","B",1,1,0,1,1
290,426,26,177,2,100,"B","B",1,1,1,0,1
291,426,26,177,2,94,"B","B",1,1,1,0,1
292,375,35,156,4,112,"B","C",0,1,0,0,1
293,279,23,644,0,92,"A","B",1,1,0,1,0
294,679,37,262,7,100,"C","B",1,1,0,0,0
295,423,33,176,8,88,"B","B",1,1,1,0,1
296,337,33,0,11,101,"B","B",1,1,0,1,0
297,452,25,188,4,116,"B","B",1,1,0,1,0
298,372,18,155,0,118,"B","B",1,1,0,0,0
299,413,28,172,6,96,"B","B",1,1,0,1,0
300,492,28,205,4,86,"B","A",1,0,1,0,1
301,408,29,170,2,117,"A","C",0,1,0,1,0
302,425,25,0,6,104,"B","C",0,1,0,1,1
303,549,35,228,10,103,"C","B",1,1,0,0,0
304,405,47,168,9,98,"B","B",1,1,0,1,0
305,276,32,277,5,97,"B","B",1,1,0,1,0
306,488,27,203,4,96,"C","B",1,1,0,0,0
307,417,31,173,7,110,"B","C",0,1,0,1,0
308,489,37,1285,4,104,"C","B",1,1,0,1,0
309,397,34,165,11,107,"B","B",1,1,0,1,0
310,665,42,277,5,108,"B","B",1,1,0,0,1
311,488,27,203,4,116,"C","B",1,1,0,0,0
312,610,41,254,7,105,"C","B",1,1,0,1,0
313,626,26,260,0,124,"C","B",1,1,0,0,0
314,351,22,463,2,95,"B","A",1,0,0,0,0
315,454,29,189,3,97,"B","B",1,1,0,1,0
316,518,43,776,6,89,"B","B",1,1,0,0,0
317,317,45,0,7,112,"B","A",1,0,0,1,0
318,264,20,110,1,97,"B","A",1,0,1,1,1
319,887,58,369,9,81,"D","B",1,1,0,0,0
320,337,24,450,0,93,"A","B",1,1,0,1,0
321,599,46,0,16,105,"C","B",1,1,0,1,0
322,466,31,53,6,91,"B","B",1,1,0,1,0
323,371,36,262,4,103,"B","C",0,1,0,1,1
324,296,28,461,6,101,"B","A",1,0,0,1,0
325,491,50,356,9,103,"B","B",1,1,1,0,1
326,372,35,155,3,97,"B","B",1,1,0,1,0
327,430,38,179,5,98,"A","C",0,1,0,1,1
328,437,34,182,5,105,"B","C",0,1,0,0,1
329,323,22,134,3,100,"B","B",1,1,0,0,0
330,456,35,190,3,105,"B","B",1,1,0,1,0
331,423,27,380,4,86,"B","C",0,1,0,0,0
332,321,26,295,4,102,"B","A",1,0,0,0,0
333,643,50,0,6,108,"C","B",1,1,0,1,0
334,343,28,142,5,107,"B","B",1,1,0,1,0
335,651,49,0,10,103,"B","C",0,1,0,1,1
336,426,30,177,8,109,"B","B",1,1,0,0,0
337,650,38,270,6,110,"C","C",0,1,0,0,0
338,409,32,170,3,92,"B","C",0,1,0,1,1
339,447,42,186,4,120,"B","B",1,1,0,0,0
340,437,39,1205,5,117,"B","B",1,1,0,1,0
341,553,35,230,6,92,"B","B",1,1,1,0,1
342,618,37,0,6,99,"B","C",0,1,0,0,1
343,643,55,0,6,92,"C","B",1,1,0,1,0
344,400,31,166,6,94,"B","B",1,1,0,1,0
345,367,33,152,4,104,"B","B",1,1,0,0,0
346,437,39,1205,5,104,"B","B",1,1,0,1,0
347,414,20,596,1,106,"B","A",1,0,0,0,1
348,336,29,140,7,106,"B","B",1,1,0,1,0
349,405,33,1121,4,83,"B","B",1,1,0,1,0
350,651,44,271,6,86,"C","B",1,1,0,0,0
351,435,27,1044,0,98,"B","B",1,1,0,1,0
352,409,18,0,0,113,"B","C",0,1,0,0,1
353,644,36,268,5,106,"C","B",1,1,0,1,0
354,789,45,328,7,86,"C","B",1,1,0,1,0
355,409,23,170,3,88,"B","B",1,1,0,1,0
356,367,27,152,4,111,"B","B",1,1,0,1,0
357,660,55,275,7,105,"C","B",1,1,0,1,1
358,451,22,102,3,109,"B","A",1,0,0,1,0
359,349,27,145,3,100,"B","B",1,1,0,0,0
360,441,37,566,8,112,"C","B",1,1,0,0,0
361,343,28,142,5,95,"B","B",1,1,0,1,0
362,599,46,0,16,91,"C","B",1,1,0,1,0
363,426,30,177,8,100,"B","B",1,1,0,0,0
364,459,30,0,10,107,"B","B",1,1,0,0,0
365,407,21,118,0,106,"B","A",1,0,1,1,1
366,294,20,122,2,114,"A","A",1,0,0,0,1
367,194,29,151,6,110,"A","B",1,1,0,1,1
368,523,44,1921,5,105,"C","B",1,1,0,1,0
369,456,44,0,6,99,"C","B",1,1,0,1,0
370,660,55,275,7,112,"C","B",1,1,0,1,0
371,807,41,336,10,83,"D","B",1,1,0,0,0
372,271,25,0,5,108,"A","A",1,0,0,1,1
373,887,58,369,9,92,"D","B",1,1,0,0,0
374,452,25,188,4,99,"B","B",1,1,0,1,0
375,427,42,1341,12,95,"B","B",1,1,0,1,0
376,378,29,587,4,85,"B","B",1,1,0,1,0
377,679,28,282,4,122,"C","C",0,1,0,1,0
378,402,35,0,8,109,"B","B",1,1,0,1,0
379,178,22,74,0,99,"A","A",1,0,0,0,1
380,665,42,277,5,114,"B","B",1,1,0,0,0
381,412,30,171,3,89,"B","B",1,1,1,1,1
382,413,25,0,1,94,"B","C",0,1,0,0,1
383,409,23,170,3,90,"B","B",1,1,0,1,0
384,396,44,165,13,97,"C","B",1,1,0,1,0
385,237,22,98,2,100,"A","A",1,0,0,1,0
386,479,47,446,8,108,"B","C",0,1,0,0,0
387,413,25,0,1,129,"B","C",0,1,0,0,1
388,166,19,0,0,110,"A","A",1,0,1,1,1
389,888,48,1120,12,96,"D","B",1,1,0,1,0
390,341,23,142,2,95,"B","B",1,1,0,1,0
391,593,44,247,8,92,"C","B",1,1,0,1,0
392,360,26,0,7,101,"B","B",1,1,0,1,0
393,538,20,224,0,96,"B","A",1,0,1,1,1
394,461,20,192,1,120,"B","C",0,1,0,1,0
395,443,29,184,3,99,"B","A",1,0,0,1,0
396,405,33,1121,4,92,"B","B",1,1,0,1,0
397,650,38,0,6,77,"C","A",1,0,0,1,0
398,384,53,160,9,91,"B","B",1,1,0,1,0
399,222,18,543,2,90,"A","B",1,1,0,1,1
400,633,36,0,3,93,"C","B",1,1,0,1,0
401,600,50,250,9,82,"B","B",1,1,0,1,0
402,292,29,121,5,108,"B","A",1,0,0,1,0
403,421,21,703,0,102,"C","A",1,0,0,1,0
404,447,33,0,10,109,"B","C",0,1,0,0,0
405,371,36,262,4,88,"B","C",0,1,0,1,0
406,296,33,643,7,88,"B","B",1,1,0,1,0
407,650,38,0,6,85,"C","A",1,0,0,1,0
408,195,22,81,0,84,"A","A",1,0,0,1,1
409,195,22,81,0,95,"A","A",1,0,0,1,1
410,284,18,118,0,101,"A","C",0,1,0,1,0
411,329,23,308,3,92,"B","B",1,1,0,1,1
412,401,30,257,2,109,"B","B",1,1,0,1,0
413,211,28,0,2,108,"A","A",1,0,0,0,1
414,455,35,614,8,98,"C","B",1,1,0,1,0
415,679,37,262,7,102,"C","B",1,1,0,0,0
416,296,28,461,6,99,"B","A",1,0,0,1,0
417,553,35,230,6,101,"B","B",1,1,1,0,1
418,456,44,0,6,103,"C","B",1,1,0,1,0
419,195,22,81,0,88,"A","A",1,0,0,1,1
420,359,35,0,9,91,"B","B",1,1,0,0,0
421,393,20,0,0,92,"B","A",1,0,0,1,0
422,467,41,194,5,106,"B","B",1,1,0,1,0
423,523,44,1921,5,87,"C","B",1,1,0,1,0
424,838,84,349,9,89,"C","B",1,1,0,1,0
425,546,33,227,4,97,"B","B",1,1,0,0,0
426,292,29,121,5,115,"B","A",1,0,0,1,0
427,245,20,102,2,98,"A","A",1,0,0,0,1
428,312,24,130,4,119,"B","B",1,1,0,1,0
429,643,50,0,6,103,"C","B",1,1,0,1,0
430,521,47,217,8,92,"C","B",1,1,0,1,0
431,524,50,148,9,76,"B","B",1,1,0,1,0
432,489,40,203,7,100,"C","B",1,1,0,1,0
433,490,36,0,8,96,"B","B",1,1,0,0,0
434,340,20,141,0,101,"B","A",1,0,0,1,0
435,407,21,118,0,86,"B","A",1,0,1,1,1
436,194,29,151,6,81,"A","B",1,1,0,1,1
437,384,53,160,9,95,"B","B",1,1,0,1,0
438,367,33,152,4,102,"B","B",1,1,0,0,0
439,341,23,142,2,93,"B","B",1,1,0,1,1
440,476,34,366,7,95,"B","B",1,1,1,0,1
441,442,24,0,2,98,"B","B",1,1,0,0,0
442,401,32,167,12,113,"B","B",1,1,1,1,1
443,378,29,587,4,112,"B","B",1,1,0,1,0
444,465,25,193,5,98,"B","B",1,1,1,1,1
445,351,22,463,2,106,"B","A",1,0,0,0,0
446,518,44,215,16,118,"C","B",1,1,0,1,0
447,362,38,150,5,112,"B","B",1,1,1,1,1
448,651,44,0,7,106,"C","B",1,1,0,0,0
449,650,38,270,6,97,"C","C",0,1,0,0,0
450,337,33,0,11,116,"B","B",1,1,0,1,0
451,485,35,202,10,91,"B","B",1,1,0,0,0
452,404,23,168,0,107,"B","B",1,1,0,1,0
453,459,30,0,10,108,"B","B",1,1,0,0,0
454,513,46,213,6,97,"B","A",1,0,0,0,0
455,452,25,188,4,94,"B","B",1,1,0,1,0
456,411,20,0,2,101,"B","C",0,1,0,1,0
457,454,41,1118,5,103,"B","B",1,1,0,1,0
458,479,47,446,8,94,"B","C",0,1,0,0,0
459,651,44,0,7,97,"C","B",1,1,0,0,0
460,269,24,112,0,93,"A","A",1,0,0,1,1
461,568,20,236,0,98,"B","B",1,1,0,0,0
462,397,36,165,4,105,"B","B",1,1,0,0,0
463,429,43,178,9,115,"B","B",1,1,0,1,1
464,568,20,236,0,115,"B","B",1,1,0,0,0
465,195,22,81,0,112,"A","A",1,0,0,1,1
466,269,21,112,0,91,"A","A",1,0,0,1,1
467,287,40,119,11,111,"A","B",1,1,0,1,0
468,346,20,144,2,100,"B","A",1,0,0,0,0
469,230,30,95,5,127,"A","B",1,1,1,1,1
470,387,19,299,1,102,"B","C",0,1,0,1,0
471,292,26,798,0,95,"B","B",1,1,0,1,0
472,383,24,159,3,97,"B","B",1,1,0,1,0
473,602,63,250,14,103,"B","B",1,1,0,1,0
474,158,28,65,5,103,"A","B",1,1,0,1,1
475,456,35,190,3,114,"B","B",1,1,0,1,0
476,380,19,0,1,106,"B","C",0,1,0,1,0
477,423,20,176,0,105,"D","A",1,0,0,1,0
478,524,50,148,9,102,"B","B",1,1,0,1,0
479,538,20,224,0,96,"B","A",1,0,1,1,1
480,485,35,202,10,101,"B","B",1,1,0,0,0
481,437,34,182,5,102,"B","C",0,1,0,0,1
482,541,26,1335,6,96,"B","A",1,0,0,1,0
483,412,31,171,7,90,"B","B",1,1,0,1,0
484,338,21,348,0,111,"B","A",1,0,0,0,0
485,521,32,217,8,104,"B","B",1,1,0,1,0
486,375,37,329,11,102,"C","B",1,1,0,1,0
487,277,21,115,3,105,"B","A",1,0,0,1,0
488,271,25,0,5,79,"A","A",1,0,0,1,1
489,476,34,366,7,87,"B","B",1,1,1,0,1
490,194,29,151,6,93,"A","B",1,1,0,1,1
491,888,48,1120,12,107,"D","B",1,1,0,1,0
492,600,50,250,9,101,"B","B",1,1,0,1,0
493,602,63,250,14,123,"B","B",1,1,0,1,0
494,385,33,649,4,92,"B","B",1,1,0,1,0
495,409,42,0,4,95,"B","A",1,0,0,0,1
496,341,23,142,2,90,"B","B",1,1,0,1,1
497,423,20,176,0,103,"D","A",1,0,0,1,0
498,697,45,290,5,98,"C","B",1,1,0,1,0
499,408,29,170,2,119,"A","C",0,1,0,1,0
500,397,34,165,11,96,"B","B",1,1,0,1,0
501,549,29,228,11,116,"C","B",1,1,0,1,0
502,271,25,0,5,89,"A","A",1,0,0,1,1
503,222,20,851,0,101,"A","A",1,0,0,1,1
504,399,19,166,0,105,"B","C",0,1,0,0,0
505,402,31,167,6,104,"B","B",1,1,0,0,0
506,195,22,81,0,101,"A","A",1,0,0,1,1
507,510,42,212,5,111,"B","B",1,1,1,1,1
508,810,32,337,6,84,"C","B",1,1,0,1,0
509,650,38,0,6,91,"C","A",1,0,0,1,0
510,485,35,202,10,93,"B","B",1,1,0,0,0
511,427,42,1341,12,102,"B","B",1,1,0,1,0
512,483,22,701,2,99,"B","C",0,1,0,1,0
513,600,50,250,9,130,"B","B",1,1,0,1,0
514,401,32,167,12,107,"B","B",1,1,1,1,1
515,467,32,194,5,83,"B","B",1,1,0,0,0
516,444,43,162,10,108,"B","A",1,0,1,0,0
517,660,36,275,11,84,"C","B",1,1,0,1,0
518,413,28,172,6,84,"B","B",1,1,0,1,0
519,405,34,168,9,83,"B","B",1,1,0,1,0
520,317,45,0,7,82,"B","A",1,0,0,1,0
521,378,31,171,7,111,"B","B",1,1,0,1,0
522,578,51,240,13,94,"B","B",1,1,0,1,0
523,618,37,0,6,114,"B","C",0,1,0,0,0
524,184,19,76,0,108,"A","A",1,0,1,1,1
525,660,36,275,11,104,"C","B",1,1,0,1,0
526,430,38,179,5,106,"A","C",0,1,0,1,0
527,138,22,0,3,109,"A","A",1,0,0,0,1
528,256,25,106,4,103,"A","B",1,1,0,1,1
529,403,27,167,3,92,"B","B",1,1,0,0,0
530,492,28,205,4,92,"B","A",1,0,1,0,1
531,274,32,0,13,79,"A","C",0,1,0,1,1
532,524,50,148,9,96,"B","B",1,1,0,1,0
533,644,45,268,12,104,"B","B",1,1,0,1,0
534,418,50,174,11,107,"B","B",1,1,0,1,0
535,521,32,217,8,91,"B","B",1,1,0,1,0
536,343,29,142,4,83,"B","C",0,1,0,0,1
537,269,28,112,5,94,"B","B",1,1,0,0,0
538,443,28,184,9,123,"B","B",1,1,0,0,0
539,302,28,271,3,102,"A","B",1,1,0,1,1
540,697,45,290,5,105,"C","B",1,1,0,1,0
541,442,35,184,4,107,"B","B",1,1,0,1,0
542,466,31,53,6,98,"B","B",1,1,0,1,0
543,430,38,179,5,107,"A","C",0,1,0,1,1
544,485,39,202,4,109,"C","B",1,1,0,1,0
545,424,28,176,2,107,"B","C",0,1,0,1,0
546,294,20,122,2,98,"A","A",1,0,0,0,0
547,359,35,0,9,108,"B","B",1,1,0,0,0
548,554,29,0,4,102,"B","B",1,1,0,1,0
549,475,24,0,1,108,"B","B",1,1,1,0,1
550,235,19,1747,1,91,"B","A",1,0,0,1,0
551,380,33,0,8,121,"B","C",0,1,0,1,0
552,553,25,230,7,79,"B","B",1,1,0,0,0
553,329,23,308,3,102,"B","B",1,1,0,1,0
554,191,27,79,3,89,"A","A",1,0,0,1,1
555,491,50,356,9,90,"B","B",1,1,1,0,1
556,466,20,194,0,86,"B","C",0,1,0,1,0
557,412,31,171,7,97,"B","B",1,1,0,1,0
558,245,20,102,2,105,"A","A",1,0,0,0,1
559,465,25,193,5,103,"B","B",1,1,1,1,1
560,215,19,89,0,87,"A","C",0,1,0,1,1
561,528,21,418,2,87,"C","A",1,0,0,0,0
562,269,21,112,0,109,"A","A",1,0,0,1,1
563,643,50,0,6,82,"C","B",1,1,0,1,0
564,383,24,159,3,105,"B","B",1,1,0,1,0
565,610,41,254,7,92,"C","B",1,1,0,1,0
566,405,34,168,9,107,"B","B",1,1,0,1,0
567,180,18,75,2,107,"A","A",1,0,0,1,1
568,467,32,194,5,112,"B","B",1,1,0,0,0
569,518,43,776,6,113,"B","B",1,1,0,0,0
570,397,36,610,14,99,"B","B",1,1,0,1,0
571,749,55,0,8,103,"C","B",1,1,0,1,0
572,568,35,371,7,95,"C","B",1,1,0,0,0
573,317,45,0,7,119,"B","A",1,0,0,1,0
574,211,28,0,3,120,"A","B",1,1,0,1,1
575,429,27,178,6,83,"B","B",1,1,0,1,0
576,264,24,0,6,105,"A","C",0,1,0,0,1
577,384,53,160,9,86,"B","B",1,1,0,1,0
578,789,68,328,11,104,"C","B",1,1,0,0,0
579,912,65,380,11,82,"D","B",1,1,0,1,0
580,521,32,217,8,98,"B","B",1,1,0,1,0
581,343,29,142,4,111,"B","C",0,1,0,0,1
582,610,41,254,7,108,"C","B",1,1,0,1,0
583,349,27,145,3,106,"B","B",1,1,0,0,0
584,403,23,0,4,83,"B","B",1,1,1,1,1
585,194,29,151,6,103,"A","B",1,1,0,1,1
586,454,50,189,10,108,"C","B",1,1,0,1,0
587,789,68,328,11,100,"C","B",1,1,0,0,0
588,337,24,450,0,109,"A","B",1,1,0,1,0
589,405,34,168,9,99,"B","B",1,1,0,1,0
590,888,48,1120,12,100,"D","B",1,1,0,1,0
591,651,44,0,7,100,"C","B",1,1,0,0,0
592,307,18,127,2,100,"A","C",0,1,0,1,0
593,396,27,0,3,89,"B","B",1,1,1,0,1
594,306,29,127,9,105,"B","B",1,1,0,1,1
595,399,22,166,0,94,"B","B",1,1,0,0,0
596,359,35,0,9,96,"B","B",1,1,0,0,0
597,368,39,153,9,105,"B","B",1,1,0,1,0
598,527,24,219,3,106,"B","B",1,1,0,1,0
599,483,22,701,2,90,"B","C",0,1,0,1,0
600,375,37,329,11,88,"C","B",1,1,0,1,0
601,691,51,287,8,105,"C","C",0,1,0,1,0
602,466,20,194,0,96,"B","C",0,1,0,1,1
603,562,59,234,14,101,"C","B",1,1,0,1,1
604,633,36,0,3,123,"C","B",1,1,0,1,0
605,651,44,271,6,106,"C","B",1,1,0,0,0
606,208,23,86,3,101,"A","C",0,1,0,1,1
607,789,45,328,7,111,"C","B",1,1,0,1,0
608,465,25,193,5,91,"B","B",1,1,1,1,1
609,421,25,967,7,99,"B","B",1,1,1,1,1
610,378,21,1409,1,107,"B","A",1,0,0,1,0
611,409,32,170,3,102,"B","C",0,1,0,1,1
612,513,46,213,6,89,"B","A",1,0,0,0,1
613,405,31,168,1,89,"B","B",1,1,0,1,0
614,396,27,0,3,87,"B","B",1,1,1,0,1
615,586,44,160,9,104,"C","C",0,1,0,0,1
616,422,27,175,9,94,"B","A",1,0,1,1,1
617,586,44,160,9,96,"C","C",0,1,0,0,0
618,492,34,205,4,85,"B","C",0,1,0,1,0
619,450,26,187,5,84,"B","A",1,0,0,1,0
620,518,43,776,6,81,"B","B",1,1,0,0,0
621,374,36,155,7,109,"B","A",1,0,0,1,0
622,550,23,0,4,95,"B","C",0,1,0,1,0
623,451,36,187,4,92,"B","B",1,1,0,1,1
624,684,53,285,10,95,"C","B",1,1,0,0,0
625,396,44,165,13,86,"C","B",1,1,0,1,0
626,488,27,203,4,96,"C","B",1,1,0,0,0
627,294,28,122,2,100,"B","B",1,1,0,1,0
628,467,41,194,5,97,"B","B",1,1,0,1,0
629,523,18,217,2,92,"B","A",1,0,0,1,0
630,269,21,112,0,96,"A","A",1,0,0,1,1
631,877,59,365,6,84,"D","B",1,1,1,1,0
632,447,20,186,0,104,"B","A",1,0,0,1,0
633,344,37,143,3,111,"B","B",1,1,0,1,0
634,430,41,179,11,100,"B","B",1,1,0,1,0
635,443,28,184,9,86,"B","B",1,1,0,0,0
636,467,32,194,5,92,"B","B",1,1,0,0,0
637,365,22,1227,1,95,"B","A",1,0,0,1,0
638,408,36,170,3,107,"B","B",1,1,1,1,1
639,527,24,219,3,82,"B","B",1,1,0,1,0
640,327,20,0,0,78,"B","A",1,0,0,1,0
641,684,53,285,10,97,"C","B",1,1,0,0,0
642,403,23,0,4,80,"B","B",1,1,1,1,1
643,524,50,148,9,100,"B","B",1,1,0,1,0
644,336,29,140,7,106,"B","B",1,1,0,1,0
645,199,25,524,4,116,"A","A",1,0,0,0,1
646,222,20,851,0,104,"A","A",1,0,0,1,1
647,393,26,163,0,104,"B","B",1,1,0,1,0
648,399,19,166,0,94,"B","C",0,1,0,0,1
649,447,42,186,4,108,"B","B",1,1,0,0,0
650,268,26,111,0,111,"A","B",1,1,0,0,1
651,400,27,431,6,110,"B","B",1,1,0,0,0
652,549,29,228,11,106,"C","B",1,1,0,1,0
653,261,24,108,1,112,"A","B",1,1,0,1,1
654,373,36,155,6,106,"B","B",1,1,1,0,1
655,164,28,68,4,84,"A","C",0,1,0,1,1
656,471,40,1346,16,100,"B","A",1,0,0,1,0
657,481,32,285,6,106,"B","B",1,1,0,0,0
658,887,58,369,9,106,"D","B",1,1,0,0,0
659,383,25,159,4,98,"B","B",1,1,0,1,0
660,483,22,701,2,115,"B","C",0,1,0,1,0
661,505,45,595,5,103,"B","B",1,1,0,0,1
662,576,24,240,2,89,"C","A",1,0,0,1,0
663,198,27,82,8,109,"A","A",1,0,0,1,1
664,435,27,1044,0,89,"B","B",1,1,0,1,0
665,362,38,150,5,98,"B","B",1,1,1,1,1
666,599,46,0,16,98,"C","B",1,1,0,1,0
667,374,36,155,7,113,"B","A",1,0,0,1,0
668,679,28,282,4,90,"C","C",0,1,0,1,0
669,397,34,165,11,80,"B","B",1,1,0,1,0
670,437,39,1205,5,99,"B","B",1,1,0,1,0
671,697,45,290,5,114,"C","B",1,1,0,1,0
672,453,34,188,11,108,"B","B",1,1,0,1,0
673,618,37,0,6,81,"B","C",0,1,0,0,1
674,402,35,0,8,99,"B","B",1,1,0,1,0
675,665,42,277,5,101,"B","B",1,1,0,0,0
676,444,43,162,10,91,"B","A",1,0,1,0,1
677,413,25,0,1,82,"B","C",0,1,0,0,0
678,405,47,168,9,114,"B","B",1,1,0,1,0
679,417,21,173,1,93,"B","A",1,0,0,1,0
680,749,55,0,8,109,"C","B",1,1,0,1,0
681,284,18,118,0,102,"A","C",0,1,0,1,0
682,697,45,0,13,105,"C","B",1,1,0,0,0
683,697,45,0,13,113,"C","B",1,1,0,0,0
684,473,32,179,5,101,"B","B",1,1,0,0,0
685,409,32,170,3,109,"B","C",0,1,0,1,1
686,455,35,614,8,106,"C","B",1,1,0,1,0
687,443,28,184,9,89,"B","B",1,1,0,0,0
688,404,23,168,0,106,"B","B",1,1,0,1,0
689,353,28,147,5,101,"B","B",1,1,0,1,0
690,424,20,176,1,89,"B","A",1,0,0,0,0
691,410,32,170,7,89,"B","B",1,1,0,0,0
692,423,20,176,0,94,"D","A",1,0,0,1,0
693,340,20,141,0,104,"B","A",1,0,0,1,0
694,417,21,173,1,92,"B","A",1,0,0,1,0
695,923,55,995,7,97,"D","B",1,1,0,1,0
696,650,38,0,6,111,"C","A",1,0,0,1,0
697,660,36,275,11,105,"C","B",1,1,0,1,0
698,644,42,268,5,93,"C","B",1,1,0,1,0
699,447,42,186,4,114,"B","B",1,1,0,0,0
700,294,28,122,2,89,"B","B",1,1,0,1,0
701,679,28,282,4,95,"C","C",0,1,0,1,0
702,429,33,178,6,95,"B","B",1,1,0,1,0
703,180,23,684,1,121,"A","B",1,1,0,1,1
704,562,59,234,14,111,"C","B",1,1,0,1,0
705,466,20,194,0,95,"B","C",0,1,0,1,1
706,633,36,0,3,92,"C","B",1,1,0,1,0
707,436,46,181,4,90,"B","B",1,1,0,1,0
708,343,29,142,4,111,"B","C",0,1,0,0,1
709,442,24,0,2,83,"B","B",1,1,0,0,0
710,337,24,450,0,83,"A","B",1,1,0,1,1
711,388,29,493,3,74,"B","B",1,1,0,1,0
712,651,49,0,10,108,"B","C",0,1,0,1,0
713,650,38,270,6,97,"C","C",0,1,0,0,1
714,749,55,0,8,95,"C","B",1,1,0,1,0
715,268,26,111,0,107,"A","B",1,1,0,0,1
716,375,37,329,11,85,"C","B",1,1,0,1,0
717,421,21,703,0,78,"C","A",1,0,0,1,0
718,807,41,336,10,123,"D","B",1,1,0,0,0
719,401,32,167,12,98,"B","B",1,1,1,1,1
720,454,50,189,10,87,"C","B",1,1,0,1,0
721,769,63,320,17,91,"C","B",1,1,0,0,0
722,365,30,152,6,112,"B","B",1,1,1,1,1
723,409,18,0,0,93,"B","C",0,1,0,0,0
724,264,19,494,0,102,"A","C",0,1,0,1,1
725,397,34,165,11,103,"B","B",1,1,0,1,0
726,360,26,0,7,80,"B","B",1,1,0,1,0
727,498,28,0,4,96,"B","B",1,1,0,0,0
728,368,39,153,9,84,"B","B",1,1,0,1,0
729,465,25,193,5,88,"B","B",1,1,1,1,1
730,658,44,274,5,101,"C","B",1,1,0,1,0
731,660,36,275,11,88,"C","B",1,1,0,1,0
732,421,21,703,0,103,"C","A",1,0,0,1,0
733,397,36,165,4,104,"B","B",1,1,0,0,0
734,388,29,493,3,102,"B","B",1,1,0,1,0
735,360,26,0,7,101,"B","B",1,1,0,1,0
736,169,19,70,1,106,"A","A",1,0,1,1,1
737,461,20,192,1,97,"B","C",0,1,0,1,1
738,429,27,178,6,77,"B","B",1,1,0,1,0
739,245,20,102,2,101,"A","A",1,0,0,0,1
740,411,20,0,2,103,"B","C",0,1,0,1,1
741,437,34,182,5,98,"B","C",0,1,0,0,1
742,355,24,0,4,87,"B","B",1,1,0,1,0
743,412,31,171,7,94,"B","B",1,1,0,1,0
744,393,20,0,0,91,"B","A",1,0,0,1,0
745,402,31,167,6,108,"B","B",1,1,0,0,0
746,527,24,219,3,76,"B","B",1,1,0,1,0
747,405,33,1121,4,103,"B","B",1,1,0,1,0
748,429,33,178,6,101,"B","B",1,1,0,1,0
749,358,23,0,3,84,"B","B",1,1,0,1,0
750,474,34,197,10,87,"B","B",1,1,0,0,0
751,399,22,166,0,88,"B","B",1,1,0,0,0
752,313,32,130,6,87,"B","C",0,1,0,1,1
753,414,20,596,1,95,"B","A",1,0,0,0,0
754,409,42,0,4,94,"B","A",1,0,0,0,1
755,425,23,1564,4,106,"C","B",1,1,0,1,0
756,399,19,166,0,92,"B","C",0,1,0,0,0
757,789,68,328,11,109,"C","B",1,1,0,0,0
758,834,44,347,10,101,"D","B",1,1,1,1,0
759,169,19,70,1,118,"A","A",1,0,1,1,1
760,510,42,212,5,99,"B","B",1,1,1,1,1
761,180,23,684,1,92,"A","B",1,1,0,1,1
762,500,32,208,5,105,"B","B",1,1,0,1,0
763,358,18,149,2,91,"B","B",1,1,0,1,0
764,230,30,95,5,107,"A","B",1,1,1,1,1
765,455,35,614,8,113,"C","B",1,1,0,1,0
766,425,25,0,6,95,"B","C",0,1,0,1,1
767,421,21,703,0,107,"C","A",1,0,0,1,0
768,254,28,595,7,91,"A","C",0,1,0,1,1
769,518,43,776,6,102,"B","B",1,1,0,0,0
770,380,19,0,1,98,"B","C",0,1,0,1,0
771,498,28,0,4,85,"B","B",1,1,0,0,0
772,390,21,162,0,88,"B","A",1,0,0,1,0
773,562,59,234,14,98,"C","B",1,1,0,1,0
774,506,18,210,2,99,"C","A",1,0,0,1,0
775,461,20,192,1,79,"B","C",0,1,0,1,0
776,349,27,145,4,97,"B","B",1,1,0,0,0
777,215,19,89,0,106,"A","C",0,1,0,1,1
778,409,18,0,0,113,"B","C",0,1,0,0,0
779,174,24,72,2,106,"A","B",1,1,0,1,1
780,166,19,0,0,101,"A","A",1,0,1,1,1
781,528,21,418,2,92,"C","A",1,0,0,0,0
782,430,38,179,5,94,"A","C",0,1,0,1,1
783,626,26,260,0,99,"C","B",1,1,0,0,0
784,400,27,431,6,100,"B","B",1,1,0,0,0
785,169,19,70,1,95,"A","A",1,0,1,1,1
786,211,28,0,2,90,"A","A",1,0,0,0,1
787,549,29,228,11,105,"C","B",1,1,0,1,0
788,161,18,367,2,86,"A","A",1,0,0,1,1
789,302,28,271,3,99,"A","B",1,1,0,1,1
790,164,28,68,4,102,"A","C",0,1,0,1,1
791,362,38,150,5,115,"B","B",1,1,1,1,1
792,147,23,70,4,76,"A","C",0,1,0,1,1
793,323,22,134,3,94,"B","B",1,1,0,0,0
794,618,37,0,6,88,"B","C",0,1,0,0,0
795,485,35,202,10,102,"B","B",1,1,0,0,0
796,269,24,112,0,86,"A","A",1,0,0,1,0
797,912,65,380,11,104,"D","B",1,1,0,1,0
798,274,24,114,0,106,"A","B",1,1,0,1,0
799,284,18,118,0,92,"A","C",0,1,0,1,1
800,397,36,610,14,95,"B","B",1,1,0,1,0
801,375,19,0,0,103,"B","A",1,0,1,1,1
802,427,42,1341,12,91,"B","B",1,1,0,1,0
803,402,35,0,8,112,"B","B",1,1,0,1,0
804,417,31,173,7,91,"B","C",0,1,0,1,0
805,451,22,102,3,107,"B","A",1,0,0,1,0
806,355,24,0,4,107,"B","B",1,1,0,1,0
807,593,27,247,5,84,"C","B",1,1,0,1,0
808,651,44,271,6,94,"C","B",1,1,0,0,0
809,402,31,167,6,104,"B","B",1,1,0,0,0
810,268,26,111,0,85,"A","B",1,1,0,0,1
811,352,21,146,2,95,"C","A",1,0,0,1,0
812,569,27,835,8,94,"B","C",0,1,0,1,1
813,274,32,0,13,99,"A","C",0,1,0,1,0
814,377,29,0,4,93,"B","B",1,1,0,1,0
815,321,26,295,4,96,"B","A",1,0,0,0,0
816,302,28,271,3,99,"A","B",1,1,0,1,0
817,295,29,122,3,101,"B","B",1,1,0,1,1
818,789,45,328,7,103,"C","B",1,1,0,1,0
819,670,44,279,7,94,"C","A",1,0,0,1,0
820,633,38,263,4,96,"C","A",1,0,0,1,0
821,491,50,356,9,86,"B","B",1,1,1,0,1
822,392,30,163,7,99,"B","A",1,0,0,1,0
823,494,33,205,1,94,"B","B",1,1,1,1,1
824,456,35,190,3,77,"B","B",1,1,0,1,0
825,429,43,178,9,112,"B","B",1,1,0,1,1
826,888,48,1120,12,88,"D","B",1,1,0,1,0
827,483,22,701,2,98,"B","C",0,1,0,1,0
828,424,28,176,2,95,"B","C",0,1,0,1,0
829,591,34,246,6,96,"C","B",1,1,0,1,0
830,425,31,177,9,95,"B","B",1,1,0,1,0
831,409,32,170,3,108,"B","C",0,1,0,1,0
832,528,21,418,2,94,"C","A",1,0,0,0,0
833,414,20,596,1,128,"B","A",1,0,0,0,0
834,392,30,0,9,99,"B","B",1,1,0,0,0
835,450,26,187,5,96,"B","A",1,0,0,1,0
836,294,28,122,2,103,"B","B",1,1,0,1,0
837,447,20,186,0,91,"B","A",1,0,0,1,0
838,473,47,197,5,98,"C","B",1,1,0,1,0
839,435,27,1044,0,110,"B","B",1,1,0,1,0
840,454,41,1118,5,99,"B","B",1,1,0,1,0
841,375,19,0,0,90,"B","A",1,0,1,1,1
842,399,27,0,7,106,"B","B",1,1,0,0,0
843,337,24,450,0,102,"A","B",1,1,0,1,1
844,506,41,210,11,113,"C","B",1,1,0,1,0
845,651,49,0,10,95,"B","C",0,1,0,1,1
846,372,35,155,3,95,"B","B",1,1,0,1,0
847,392,30,0,9,90,"B","B",1,1,0,0,0
848,343,28,142,5,100,"B","B",1,1,0,1,0
849,405,33,1121,4,110,"B","B",1,1,0,1,0
850,396,27,0,3,114,"B","B",1,1,1,0,1
851,834,44,347,10,99,"D","B",1,1,1,1,0
852,469,49,1084,4,100,"B","B",1,1,0,1,0
853,436,46,181,4,99,"B","B",1,1,0,1,0
854,274,24,114,0,110,"A","B",1,1,0,1,0
855,230,30,95,5,111,"A","B",1,1,1,1,1
856,312,24,130,4,109,"B","B",1,1,0,1,1
857,481,39,485,4,105,"B","B",1,1,0,1,1
858,396,44,165,13,98,"C","B",1,1,0,1,0
859,393,26,163,0,98,"B","B",1,1,0,1,1
860,472,36,0,4,98,"B","B",1,1,1,0,1
861,466,31,53,6,90,"B","B",1,1,0,1,0
862,617,42,826,5,88,"C","B",1,1,0,1,0
863,329,23,308,3,93,"B","B",1,1,0,1,0
864,450,26,187,5,86,"B","A",1,0,0,1,0
865,546,33,227,4,115,"B","B",1,1,0,0,0
866,442,27,925,7,102,"B","C",0,1,0,1,0
867,568,35,371,7,88,"C","B",1,1,0,0,0
868,392,30,0,9,101,"B","B",1,1,0,0,0
869,749,55,0,8,85,"C","B",1,1,0,1,0
870,365,22,1227,1,101,"B","A",1,0,0,1,0
871,515,42,0,13,117,"B","B",1,1,0,0,0
872,237,22,98,2,96,"A","A",1,0,0,1,0
873,599,46,0,16,105,"C","B",1,1,0,1,0
874,425,23,1564,4,79,"C","B",1,1,0,1,0
875,352,21,146,2,110,"C","A",1,0,0,1,1
876,488,27,203,4,104,"C","B",1,1,0,0,0
877,222,18,543,2,97,"A","B",1,1,0,1,1
878,269,24,112,0,70,"A","A",1,0,0,1,0
879,443,29,184,3,99,"B","A",1,0,0,1,0
880,481,32,285,6,101,"B","B",1,1,0,0,0
881,505,45,595,5,89,"B","B",1,1,0,0,0
882,437,34,182,5,91,"B","C",0,1,0,0,1
883,274,32,0,13,97,"A","C",0,1,0,1,1
884,643,43,0,13,99,"B","B",1,1,1,1,0
885,500,32,208,5,104,"B","B",1,1,0,1,0
886,408,29,170,2,109,"A","C",0,1,0,1,0
887,417,31,173,7,91,"B","C",0,1,0,1,1
888,358,18,149,2,103,"B","B",1,1,0,1,0
889,587,42,1440,17,90,"C","B",1,1,0,1,0
890,650,38,270,6,99,"C","C",0,1,0,0,0
891,660,34,0,9,82,"B","B",1,1,1,1,1
892,380,19,0,1,89,"B","C",0,1,0,1,0
893,287,27,119,5,115,"A","C",0,1,0,0,1
894,506,18,210,2,97,"C","A",1,0,0,1,0
895,441,37,566,8,87,"C","B",1,1,0,0,0
896,513,46,213,6,111,"B","A",1,0,0,0,0
897,578,51,240,13,93,"B","B",1,1,0,1,0
898,578,51,240,13,107,"B","B",1,1,0,1,0
899,191,27,79,3,87,"A","A",1,0,0,1,1
900,409,18,0,0,87,"B","C",0,1,0,0,0
901,423,33,176,8,100,"B","B",1,1,1,0,1
902,338,21,348,0,95,"B","A",1,0,0,0,0
903,234,28,598,3,95,"A","B",1,1,0,1,1
904,679,37,262,7,99,"C","B",1,1,0,0,0
905,471,40,1346,16,87,"B","A",1,0,0,1,0
906,287,27,119,5,104,"A","C",0,1,0,0,0
907,318,33,0,4,79,"B","C",0,1,0,0,0
908,271,30,112,10,103,"B","C",0,1,0,1,0
909,588,35,0,5,92,"C","B",1,1,0,1,0
910,264,24,0,6,94,"A","C",0,1,0,0,0
911,211,28,0,2,106,"A","A",1,0,0,0,1
912,447,33,0,10,97,"B","C",0,1,0,0,0
913,423,33,176,8,104,"B","B",1,1,1,0,1
914,392,30,0,9,104,"B","B",1,1,0,0,0
915,668,50,278,9,100,"C","B",1,1,0,1,0
916,392,30,163,7,92,"B","A",1,0,0,1,0
917,387,19,299,1,102,"B","C",0,1,0,1,0
918,417,21,173,1,96,"B","A",1,0,0,1,0
919,429,33,178,6,106,"B","B",1,1,0,1,0
920,414,20,596,1,98,"B","A",1,0,0,0,1
921,166,19,0,0,105,"A","A",1,0,1,1,1
922,386,24,396,3,91,"B","C",0,1,0,1,1
923,506,18,210,2,81,"C","A",1,0,0,1,0
924,888,48,1120,12,102,"D","B",1,1,0,1,0
925,599,46,0,16,112,"C","B",1,1,0,1,0
926,644,45,268,12,106,"B","B",1,1,0,1,0
927,515,42,0,13,94,"B","B",1,1,0,0,0
928,337,33,0,11,94,"B","B",1,1,0,1,0
929,576,24,240,2,86,"C","A",1,0,0,1,0
930,524,50,148,9,103,"B","B",1,1,0,1,0
931,568,20,236,0,112,"B","B",1,1,0,0,0
932,292,29,121,5,101,"B","A",1,0,0,1,0
933,392,30,0,9,94,"B","B",1,1,0,0,0
934,538,20,224,0,90,"B","A",1,0,1,1,1
935,138,22,0,3,101,"A","A",1,0,0,0,1
936,340,20,141,0,94,"B","A",1,0,0,1,0
937,312,24,130,4,95,"B","B",1,1,0,1,0
938,372,18,155,0,102,"B","B",1,1,0,0,0
939,349,27,145,4,103,"B","B",1,1,0,0,0
940,568,35,371,7,105,"C","B",1,1,0,0,0
941,546,33,227,4,114,"B","B",1,1,0,0,0
942,679,28,282,4,99,"C","C",0,1,0,1,0
943,424,28,176,2,108,"B","C",0,1,0,1,1
944,599,46,0,16,105,"C","B",1,1,0,1,0
945,476,34,366,7,101,"B","B",1,1,1,0,1
946,377,29,0,4,105,"B","B",1,1,0,1,0
947,426,26,177,2,103,"B","B",1,1,1,0,1
948,651,44,0,7,91,"C","B",1,1,0,0,0
949,421,25,967,7,81,"B","B",1,1,1,1,1
950,462,30,1487,3,103,"B","B",1,1,0,1,0
951,442,35,184,4,100,"B","B",1,1,0,1,0
952,339,21,141,3,98,"B","C",0,1,0,1,0
953,541,26,1335,6,114,"B","A",1,0,0,1,0
954,660,34,0,9,103,"B","B",1,1,1,1,1
955,261,24,108,1,128,"A","B",1,1,0,1,0
956,420,25,175,0,88,"B","A",1,0,0,1,0
957,237,22,98,2,126,"A","A",1,0,0,1,0
958,454,41,1118,5,87,"B","B",1,1,0,1,0
959,643,43,0,13,95,"B","B",1,1,1,1,0
960,373,36,155,6,91,"B","B",1,1,1,0,1
961,610,41,254,7,93,"C","B",1,1,0,1,0
962,458,40,190,5,87,"B","C",0,1,0,1,0
963,306,29,127,9,106,"B","B",1,1,0,1,1
964,277,27,681,6,101,"A","A",1,0,0,1,0
965,582,45,242,6,101,"C","B",1,1,0,1,0
966,341,23,142,2,81,"B","B",1,1,0,1,1
967,327,20,0,0,110,"B","A",1,0,0,1,0
968,658,44,274,5,106,"C","B",1,1,0,1,0
969,807,41,336,10,93,"D","B",1,1,0,0,0
970,461,20,192,1,108,"B","C",0,1,0,1,0
971,498,43,1085,9,87,"B","B",1,1,0,0,0
972,498,28,0,4,92,"B","B",1,1,0,0,0
973,588,35,0,5,99,"C","B",1,1,0,1,0
974,360,26,0,7,107,"B","B",1,1,0,1,0
975,660,36,275,11,104,"C","B",1,1,0,1,0
976,362,38,150,5,95,"B","B",1,1,1,1,1
977,476,26,198,6,92,"B","A",1,0,0,1,0
978,352,21,146,2,92,"C","A",1,0,0,1,0
979,194,24,80,2,101,"A","B",1,1,1,1,1
980,271,30,112,10,107,"B","C",0,1,0,1,0
981,492,28,205,4,90,"B","A",1,0,1,0,1
982,184,19,76,0,93,"A","A",1,0,1,1,1
983,138,22,0,3,110,"A","A",1,0,0,0,1
984,264,20,110,1,109,"B","A",1,0,1,1,1
985,617,42,826,5,97,"C","B",1,1,0,1,0
986,420,25,175,0,115,"B","A",1,0,0,1,0
987,447,42,186,4,96,"B","B",1,1,0,0,0
988,391,23,162,5,109,"B","B",1,1,0,0,0
989,593,27,247,5,99,"C","B",1,1,0,1,0
990,454,29,189,3,100,"B","B",1,1,0,1,0
991,211,28,0,2,102,"A","A",1,0,0,0,1
992,471,28,196,5,123,"B","B",1,1,0,1,0
993,372,35,155,3,110,"B","B",1,1,0,1,0
994,553,35,230,6,92,"B","B",1,1,1,0,1
995,513,34,213,10,106,"B","B",1,1,0,1,0
996,314,26,130,7,128,"B","B",1,1,0,1,0
997,158,28,65,5,101,"A","B",1,1,0,1,1
998,587,42,1440,17,107,"C","B",1,1,0,1,0
999,454,41,1118,5,86,"B","B",1,1,0,1,0
1000,644,45,268,12,78,"B","B",1,1,0,1,0
1001,194,24,80,2,90,"A","B",1,1,1,1,1
1002,454,50,189,10,104,"C","B",1,1,0,1,0
1003,633,38,263,4,94,"C","A",1,0,0,1,0
1004,586,44,160,9,94,"C","C",0,1,0,0,1
1005,586,44,160,9,104,"C","C",0,1,0,0,1
1006,405,31,168,1,99,"B","B",1,1,0,1,0
1007,454,41,1118,5,112,"B","B",1,1,0,1,0
1008,492,34,205,4,95,"B","C",0,1,0,1,0
1009,523,44,1921,5,81,"C","B",1,1,0,1,0
1010,651,44,271,6,104,"C","B",1,1,0,0,0
1011,264,24,0,6,97,"A","C",0,1,0,0,0
1012,254,32,105,5,105,"B","B",1,1,0,1,0
1013,222,20,851,0,124,"A","A",1,0,0,1,1
1014,292,26,798,0,96,"B","B",1,1,0,1,0
1015,464,38,1395,3,126,"B","B",1,1,0,1,0
1016,456,44,0,6,99,"C","B",1,1,0,1,0
1017,424,20,176,1,96,"B","A",1,0,0,0,0
1018,451,36,187,4,97,"B","B",1,1,0,1,0
1019,490,36,0,8,114,"B","B",1,1,0,0,0
1020,384,53,160,9,91,"B","B",1,1,0,1,0
1021,660,34,0,9,98,"B","B",1,1,1,1,1
1022,401,32,167,12,97,"B","B",1,1,1,1,1
1023,397,19,624,0,101,"B","C",0,1,0,1,0
1024,691,51,287,8,92,"C","C",0,1,0,1,0
1025,211,28,0,2,96,"A","A",1,0,0,0,1
1026,417,31,173,7,98,"B","C",0,1,0,1,1
1027,413,28,172,6,86,"B","B",1,1,0,1,0
1028,494,33,205,1,116,"B","B",1,1,1,1,1
1029,160,18,0,2,91,"A","A",1,0,0,1,1
1030,235,19,1747,1,106,"B","A",1,0,0,1,0
1031,582,45,242,6,105,"C","B",1,1,0,1,0
1032,923,55,995,7,88,"D","B",1,1,0,1,0
1033,442,24,0,2,83,"B","B",1,1,0,0,0
1034,358,23,0,3,97,"B","B",1,1,0,1,0
1035,198,27,82,8,95,"A","A",1,0,0,1,1
1036,340,20,141,0,100,"B","A",1,0,0,1,0
1037,276,32,277,5,103,"B","B",1,1,0,1,0
1038,292,26,798,0,105,"B","B",1,1,0,1,0
1039,430,41,179,11,114,"B","B",1,1,0,1,0
1040,426,30,177,8,114,"B","B",1,1,0,0,0
1041,423,20,176,0,104,"D","A",1,0,0,1,0
1042,535,41,222,6,95,"C","B",1,1,0,1,0
1043,601,54,460,10,70,"C","B",1,1,0,1,0
1044,215,19,89,0,94,"A","C",0,1,0,1,1
1045,447,33,0,10,107,"B","C",0,1,0,0,0
1046,670,44,279,7,85,"C","A",1,0,0,1,0
1047,359,35,0,9,95,"B","B",1,1,0,0,0
1048,358,23,0,3,97,"B","B",1,1,0,1,0
1049,617,42,826,5,105,"C","B",1,1,0,1,0
1050,375,35,156,4,108,"B","C",0,1,0,0,0
1051,568,20,236,0,90,"B","B",1,1,0,0,0
1052,481,32,285,6,99,"B","B",1,1,0,0,0
1053,469,49,1084,4,105,"B","B",1,1,0,1,0
1054,387,19,299,1,98,"B","C",0,1,0,1,0
1055,401,30,257,2,104,"B","B",1,1,0,1,0
1056,408,29,170,2,98,"A","C",0,1,0,1,1
1057,672,51,280,10,95,"C","B",1,1,0,0,0
1058,180,23,684,1,114,"A","B",1,1,0,1,1
1059,479,47,446,8,86,"B","C",0,1,0,0,0
1060,498,38,207,13,90,"B","B",1,1,0,1,0
1061,523,44,1921,5,80,"C","B",1,1,0,1,0
1062,549,35,228,10,90,"C","B",1,1,0,0,0
1063,505,45,595,5,95,"B","B",1,1,0,0,0
1064,513,46,213,6,93,"B","A",1,0,0,0,1
1065,506,41,210,11,107,"C","B",1,1,0,1,0
1066,393,26,163,0,116,"B","B",1,1,0,1,0
1067,454,34,189,7,99,"B","B",1,1,0,1,0
1068,373,36,155,6,95,"B","B",1,1,1,0,1
1069,405,31,168,1,99,"B","B",1,1,0,1,1
1070,318,33,0,4,113,"B","C",0,1,0,0,0
1071,454,41,1118,5,112,"B","B",1,1,0,1,0
1072,164,28,68,4,95,"A","C",0,1,0,1,1
1073,426,30,177,8,114,"B","B",1,1,0,0,0
1074,211,34,509,7,95,"B","B",1,1,0,1,1
1075,365,30,152,6,111,"B","B",1,1,1,1,0
1076,549,29,228,11,103,"C","B",1,1,0,1,0
1077,338,21,348,0,94,"B","A",1,0,0,0,0
1078,424,28,176,2,95,"B","C",0,1,0,1,0
1079,396,32,165,6,74,"B","C",0,1,0,1,0
1080,396,32,165,6,106,"B","C",0,1,0,1,1
1081,312,24,130,4,107,"B","B",1,1,0,1,1
1082,370,26,154,6,85,"B","B",1,1,0,1,0
1083,404,23,168,0,96,"B","B",1,1,0,1,0
1084,427,42,1341,12,104,"B","B",1,1,0,1,0
1085,697,45,0,13,100,"C","B",1,1,0,0,0
1086,174,24,72,2,112,"A","B",1,1,0,1,1
1087,467,41,194,5,100,"B","B",1,1,0,1,0
1088,399,22,166,0,104,"B","B",1,1,0,0,0
1089,618,37,0,6,97,"B","C",0,1,0,0,0
1090,476,34,366,7,100,"B","B",1,1,1,0,1
1091,505,45,595,5,111,"B","B",1,1,0,0,1
1092,355,24,0,4,86,"B","B",1,1,0,1,0
1093,485,35,202,10,107,"B","B",1,1,0,0,0
1094,409,42,0,4,96,"B","A",1,0,0,0,1
1095,296,28,461,6,101,"B","A",1,0,0,1,1
1096,370,26,154,6,98,"B","B",1,1,0,1,0
1097,651,44,0,7,79,"C","B",1,1,0,0,0
1098,279,23,644,0,90,"A","B",1,1,0,1,1
1099,174,24,72,2,89,"A","B",1,1,0,1,1
1100,234,28,598,3,106,"A","B",1,1,0,1,0
1101,491,50,356,9,98,"B","B",1,1,1,0,1
1102,697,45,290,5,106,"C","B",1,1,0,1,0
1103,400,31,166,6,105,"B","B",1,1,0,1,0
1104,314,26,130,7,107,"B","B",1,1,0,1,0
1105,814,55,339,9,113,"C","B",1,1,0,1,0
1106,494,33,205,1,92,"B","B",1,1,1,1,1
1107,287,27,119,5,78,"A","C",0,1,0,0,0
1108,274,24,114,0,102,"A","B",1,1,0,1,1
1109,425,25,0,6,111,"B","C",0,1,0,1,0
1110,518,44,215,16,99,"C","B",1,1,0,1,0
1111,377,29,0,4,97,"B","B",1,1,0,1,1
1112,674,45,467,7,90,"C","B",1,1,0,1,0
1113,403,23,0,4,105,"B","B",1,1,1,1,1
1114,684,53,285,10,96,"C","B",1,1,0,0,0
1115,378,31,171,7,99,"B","B",1,1,0,1,0
1116,513,46,213,6,92,"B","A",1,0,0,0,0
1117,464,38,1395,3,93,"B","B",1,1,0,1,0
1118,341,23,142,2,98,"B","B",1,1,0,1,1
1119,458,40,190,5,92,"B","C",0,1,0,1,1
1120,408,41,1690,5,92,"B","B",1,1,0,1,0
1121,674,45,467,7,99,"C","B",1,1,0,1,0
1122,138,22,0,3,104,"A","A",1,0,0,0,1
1123,180,23,684,1,109,"A","B",1,1,0,1,1
1124,467,32,194,5,92,"B","B",1,1,0,0,0
1125,562,59,234,14,111,"C","B",1,1,0,1,0
1126,336,29,140,7,106,"B","B",1,1,0,1,0
1127,426,30,177,8,106,"B","B",1,1,0,0,0
1128,211,28,0,3,87,"A","B",1,1,0,1,1
1129,443,36,184,8,90,"C","B",1,1,0,1,0
1130,447,20,186,0,87,"B","A",1,0,0,1,0
1131,341,23,142,2,103,"B","B",1,1,0,1,0
1132,222,18,543,2,107,"A","B",1,1,0,1,0
1133,489,37,1285,4,91,"C","B",1,1,0,1,0
1134,178,22,74,0,98,"A","A",1,0,0,0,1
1135,633,38,263,4,100,"C","A",1,0,0,1,0
1136,370,26,154,6,98,"B","B",1,1,0,1,0
1137,587,42,1440,17,113,"C","B",1,1,0,1,0
1138,488,27,203,4,105,"C","B",1,1,0,0,0
1139,358,18,149,2,90,"B","B",1,1,0,1,0
1140,462,30,1487,3,118,"B","B",1,1,0,1,0
1141,277,27,681,6,87,"A","A",1,0,0,1,1
1142,365,22,1227,1,97,"B","A",1,0,0,1,0
1143,261,24,108,1,94,"A","B",1,1,0,1,1
1144,287,27,119,5,84,"A","C",0,1,0,0,0
1145,391,23,162,5,94,"B","B",1,1,0,0,0
1146,447,33,0,10,113,"B","C",0,1,0,0,0
1147,367,27,152,4,105,"B","B",1,1,0,1,0
1148,392,30,163,7,101,"B","A",1,0,0,1,0
1149,380,19,0,1,102,"B","C",0,1,0,1,1
1150,403,27,167,3,90,"B","B",1,1,0,0,0
1151,401,32,167,12,97,"B","B",1,1,1,1,1
1152,386,24,396,3,97,"B","C",0,1,0,1,1
1153,444,43,162,10,91,"B","A",1,0,1,0,1
1154,184,19,76,0,93,"A","A",1,0,1,1,1
1155,483,22,701,2,89,"B","C",0,1,0,1,0
1156,397,36,165,4,87,"B","B",1,1,0,0,0
1157,199,25,524,4,111,"A","A",1,0,0,0,1
1158,430,41,179,11,106,"B","B",1,1,0,1,0
1159,643,55,0,6,108,"C","B",1,1,0,1,0
1160,208,23,86,3,95,"A","C",0,1,0,1,1
1161,276,32,277,5,97,"B","B",1,1,0,1,0
1162,296,33,643,7,118,"B","B",1,1,0,1,0
1163,423,27,380,4,80,"B","C",0,1,0,0,1
1164,287,40,119,11,100,"A","B",1,1,0,1,1
1165,500,32,208,5,90,"B","B",1,1,0,1,0
1166,789,45,328,7,105,"C","B",1,1,0,1,0
1167,230,30,95,5,88,"A","B",1,1,1,1,1
1168,569,27,835,8,97,"B","C",0,1,0,1,1
1169,408,36,170,3,102,"B","B",1,1,1,1,1
1170,184,19,76,0,110,"A","A",1,0,1,1,1
1171,388,29,493,3,107,"B","B",1,1,0,1,0
1172,643,50,0,6,64,"C","B",1,1,0,1,0
1173,410,32,170,7,94,"B","B",1,1,0,0,0
1174,510,42,212,5,95,"B","B",1,1,1,1,1
1175,256,25,106,4,95,"A","B",1,1,0,1,1
1176,535,41,222,6,87,"C","B",1,1,0,1,0
1177,442,27,925,7,97,"B","C",0,1,0,1,0
1178,340,20,141,0,87,"B","A",1,0,0,1,0
1179,442,35,184,4,98,"B","B",1,1,0,1,0
1180,375,37,329,11,86,"C","B",1,1,0,1,0
1181,593,44,247,8,89,"C","B",1,1,0,1,0
1182,490,36,0,8,91,"B","B",1,1,0,0,0
1183,269,24,112,0,83,"A","A",1,0,0,1,0
1184,424,28,176,2,105,"B","C",0,1,0,1,0
1185,498,38,207,13,115,"B","B",1,1,0,1,0
1186,352,21,146,2,110,"C","A",1,0,0,1,1
1187,423,27,380,4,100,"B","C",0,1,0,0,1
1188,660,55,275,7,86,"C","B",1,1,0,1,0
1189,349,27,145,4,112,"B","B",1,1,0,0,0
1190,467,41,194,5,109,"B","B",1,1,0,1,0
1191,505,45,595,5,99,"B","B",1,1,0,0,0
1192,195,18,81,2,100,"A","A",1,0,1,1,1
1193,180,18,75,2,106,"A","A",1,0,0,1,1
1194,602,63,250,14,86,"B","B",1,1,0,1,0
1195,362,38,150,5,106,"B","B",1,1,1,1,0
1196,261,24,108,1,109,"A","B",1,1,0,1,0
1197,541,26,1335,6,114,"B","A",1,0,0,1,0
1198,378,31,171,7,106,"B","B",1,1,0,1,0
1199,351,22,463,2,79,"B","A",1,0,0,0,0
1200,429,27,178,6,84,"B","B",1,1,0,1,1
1201,643,50,0,6,115,"C","B",1,1,0,1,0
1202,337,24,450,0,90,"A","B",1,1,0,1,1
1203,660,55,275,7,95,"C","B",1,1,0,1,1
1204,279,23,644,0,99,"A","B",1,1,0,1,0
1205,430,41,179,11,100,"B","B",1,1,0,1,0
1206,405,34,168,9,106,"B","B",1,1,0,1,0
1207,405,34,168,9,108,"B","B",1,1,0,1,0
1208,318,33,0,4,103,"B","C",0,1,0,0,0
1209,550,23,0,4,100,"B","C",0,1,0,1,0
1210,588,35,0,5,93,"C","B",1,1,0,1,0
1211,492,28,205,4,100,"B","A",1,0,1,0,1
1212,810,32,337,6,95,"C","B",1,1,0,1,0
1213,425,31,177,9,108,"B","B",1,1,0,1,0
1214,442,27,925,7,105,"B","C",0,1,0,1,0
1215,353,25,147,3,85,"B","A",1,0,0,1,0
1216,498,43,1085,9,91,"B","B",1,1,0,0,0
1217,441,37,566,8,98,"C","B",1,1,0,0,0
1218,380,33,0,8,104,"B","C",0,1,0,1,1
1219,402,35,0,8,100,"B","B",1,1,0,1,0
1220,473,37,197,6,109,"B","B",1,1,0,1,0
1221,650,38,270,6,109,"C","C",0,1,0,0,0
1222,506,41,210,11,84,"C","B",1,1,0,1,0
1223,152,22,63,0,100,"A","A",1,0,0,1,1
1224,396,32,165,6,100,"B","C",0,1,0,1,0
1225,337,33,0,11,94,"B","B",1,1,0,1,0
1226,827,60,2473,7,111,"D","B",1,1,0,1,0
1227,349,27,145,3,105,"B","B",1,1,0,0,0
1228,527,24,219,3,83,"B","B",1,1,0,1,0
1229,506,18,210,2,100,"C","A",1,0,0,1,0
1230,393,20,0,0,102,"B","A",1,0,0,1,0
1231,834,44,347,10,114,"D","B",1,1,1,1,0
1232,473,32,179,5,80,"B","B",1,1,0,0,0
1233,413,25,0,1,115,"B","C",0,1,0,0,0
1234,284,18,118,0,110,"A","C",0,1,0,1,1
1235,422,27,175,9,107,"B","A",1,0,1,1,1
1236,535,41,222,6,88,"C","B",1,1,0,1,0
1237,351,22,463,2,100,"B","A",1,0,0,0,0
1238,222,20,851,0,107,"A","A",1,0,0,1,1
1239,442,24,0,2,113,"B","B",1,1,0,0,0
1240,877,59,365,6,107,"D","B",1,1,1,1,0
1241,643,43,0,13,84,"B","B",1,1,1,1,1
1242,292,26,798,0,112,"B","B",1,1,0,1,0
1243,399,27,0,7,106,"B","B",1,1,0,0,0
1244,436,46,181,4,119,"B","B",1,1,0,1,0
1245,429,43,178,9,95,"B","B",1,1,0,1,1
1246,562,59,234,14,107,"C","B",1,1,0,1,1
1247,425,31,177,9,97,"B","B",1,1,0,1,0
1248,399,22,166,0,115,"B","B",1,1,0,0,0
1249,321,26,295,4,97,"B","A",1,0,0,0,0
1250,427,42,1341,12,90,"B","B",1,1,0,1,0
1251,518,44,215,16,106,"C","B",1,1,0,1,0
1252,397,19,624,0,100,"B","C",0,1,0,1,0
1253,633,38,263,4,113,"C","A",1,0,0,1,0
1254,274,24,114,0,98,"A","B",1,1,0,1,0
1255,672,51,280,10,98,"C","B",1,1,0,0,0
1256,220,24,91,1,99,"A","A",1,0,0,1,1
1257,535,41,222,6,103,"C","B",1,1,0,1,0
1258,417,31,173,7,102,"B","C",0,1,0,1,0
1259,437,39,1205,5,106,"B","B",1,1,0,1,0
1260,254,28,595,7,115,"A","C",0,1,0,1,1
1261,494,33,205,1,84,"B","B",1,1,1,1,1
1262,453,34,188,11,99,"B","B",1,1,0,1,0
1263,568,35,371,7,101,"C","B",1,1,0,0,0
1264,346,20,144,2,100,"B","A",1,0,0,0,0
1265,553,25,230,7,100,"B","B",1,1,0,0,0
1266,827,60,2473,7,106,"D","B",1,1,0,1,0
1267,164,28,68,4,110,"A","C",0,1,0,1,1
1268,459,30,0,10,87,"B","B",1,1,0,0,0
1269,425,23,1564,4,95,"C","B",1,1,0,1,0
1270,554,29,0,4,115,"B","B",1,1,0,1,0
1271,430,41,179,11,88,"B","B",1,1,0,1,0
1272,385,33,649,4,99,"B","B",1,1,0,1,0
1273,498,43,1085,9,113,"B","B",1,1,0,0,0
1274,453,34,188,11,78,"B","B",1,1,0,1,0
1275,295,29,122,3,109,"B","B",1,1,0,1,1
1276,467,41,194,5,113,"B","B",1,1,0,1,0
1277,161,18,367,2,92,"A","A",1,0,0,1,1
1278,593,27,247,5,99,"C","B",1,1,0,1,0
1279,386,24,396,3,107,"B","C",0,1,0,1,1
1280,405,34,168,9,108,"B","B",1,1,0,1,0
1281,211,28,0,3,105,"A","B",1,1,0,1,1
1282,489,40,203,7,92,"C","B",1,1,0,1,0
1283,489,37,1285,4,112,"C","B",1,1,0,1,0
1284,474,34,197,7,110,"B","B",1,1,0,0,0
1285,287,40,119,11,101,"A","B",1,1,0,1,1
1286,386,24,396,3,96,"B","C",0,1,0,1,1
1287,633,36,0,3,91,"C","B",1,1,0,1,0
1288,164,28,68,4,85,"A","C",0,1,0,1,1
1289,169,19,70,1,120,"A","A",1,0,1,1,1
1290,474,34,197,7,92,"B","B",1,1,0,0,0
1291,492,28,205,4,103,"B","A",1,0,1,0,1
1292,568,35,371,7,120,"C","B",1,1,0,0,0
1293,294,20,122,2,88,"A","A",1,0,0,0,0
1294,923,55,995,7,81,"D","B",1,1,0,1,0
1295,261,24,108,1,74,"A","B",1,1,0,1,0
1296,402,31,167,6,93,"B","B",1,1,0,0,0
1297,294,20,122,2,92,"A","A",1,0,0,0,1
1298,441,37,566,8,94,"C","B",1,1,0,0,0
1299,423,20,176,0,86,"D","A",1,0,0,1,0
1300,396,44,165,13,85,"C","B",1,1,0,1,0
1301,454,29,189,3,118,"B","B",1,1,0,1,0
1302,220,24,91,1,106,"A","A",1,0,0,1,1
1303,388,29,493,3,101,"B","B",1,1,0,1,0
1304,442,35,184,4,104,"B","B",1,1,0,1,0
1305,515,42,0,13,117,"B","B",1,1,0,0,0
1306,578,51,240,13,115,"B","B",1,1,0,1,0
1307,397,36,610,14,109,"B","B",1,1,0,1,0
1308,337,24,450,0,85,"A","B",1,1,0,1,0
1309,489,37,1285,4,109,"C","B",1,1,0,1,0
1310,401,32,167,12,98,"B","B",1,1,1,1,1
1311,344,37,143,3,93,"B","B",1,1,0,1,0
1312,235,19,1747,1,118,"B","A",1,0,0,1,0
1313,626,26,260,0,106,"C","B",1,1,0,0,0
1314,810,32,337,6,100,"C","B",1,1,0,1,0
1315,494,33,205,1,100,"B","B",1,1,1,1,1
1316,396,44,165,13,95,"C","B",1,1,0,1,0
1317,451,36,187,4,110,"B","B",1,1,0,1,0
1318,408,41,1690,5,114,"B","B",1,1,0,1,0
1319,593,44,247,8,88,"C","B",1,1,0,1,0
1320,475,24,0,1,109,"B","B",1,1,1,0,1
1321,338,21,348,0,104,"B","A",1,0,0,0,0
1322,435,27,1044,0,99,"B","B",1,1,0,1,0
1323,425,23,1564,4,103,"C","B",1,1,0,1,0
1324,413,28,172,6,116,"B","B",1,1,0,1,0
1325,391,23,162,5,106,"B","B",1,1,0,0,0
1326,296,33,643,7,97,"B","B",1,1,0,1,0
1327,665,42,277,5,108,"B","B",1,1,0,0,1
1328,358,23,0,3,119,"B","B",1,1,0,1,0
1329,375,19,0,0,91,"B","A",1,0,1,1,1
1330,370,26,154,6,89,"B","B",1,1,0,1,0
1331,697,45,0,13,114,"C","B",1,1,0,0,0
1332,405,47,168,9,95,"B","B",1,1,0,1,1
1333,277,21,115,3,96,"B","A",1,0,0,1,0
1334,423,33,176,8,84,"B","B",1,1,1,0,1
1335,339,21,141,3,101,"B","C",0,1,0,1,1
1336,365,22,1227,1,113,"B","A",1,0,0,1,0
1337,518,44,215,16,97,"C","B",1,1,0,1,0
1338,433,20,180,0,99,"B","A",1,0,0,1,0
1339,513,34,213,10,108,"B","B",1,1,0,1,0
1340,602,63,250,14,86,"B","B",1,1,0,1,0
1341,269,28,112,5,103,"B","B",1,1,0,0,0
1342,412,30,171,3,115,"B","B",1,1,1,1,1
1343,245,20,102,2,97,"A","A",1,0,0,0,0
1344,466,31,53,6,97,"B","B",1,1,0,1,0
1345,337,33,0,11,99,"B","B",1,1,0,1,0
1346,169,19,70,1,102,"A","A",1,0,1,1,1
1347,423,33,176,8,96,"B","B",1,1,1,0,1
1348,472,36,0,4,120,"B","B",1,1,1,0,1
1349,476,26,198,6,102,"B","A",1,0,0,1,0
1350,538,20,224,0,111,"B","A",1,0,1,1,1
1351,479,47,446,8,81,"B","C",0,1,0,0,0
1352,274,32,0,13,112,"A","C",0,1,0,1,0
1353,644,36,268,5,120,"C","B",1,1,0,1,0
1354,448,40,646,5,92,"C","B",1,1,0,1,0
1355,481,39,485,4,117,"B","B",1,1,0,1,0
1356,448,40,646,5,118,"C","B",1,1,0,1,0
1357,429,33,178,6,93,"B","B",1,1,0,1,0
1358,277,21,115,3,100,"B","A",1,0,0,1,0
1359,393,26,163,0,89,"B","B",1,1,0,1,0
1360,393,26,163,0,115,"B","B",1,1,0,1,0
1361,769,63,320,17,111,"C","B",1,1,0,0,0
1362,481,39,485,4,92,"B","B",1,1,0,1,1
1363,375,35,156,4,102,"B","C",0,1,0,0,0
1364,353,28,147,5,93,"B","B",1,1,0,1,0
1365,475,24,0,1,82,"B","B",1,1,1,0,1
1366,405,31,168,1,112,"B","B",1,1,0,1,0
1367,471,40,1346,16,78,"B","A",1,0,0,1,0
1368,789,68,328,11,103,"C","B",1,1,0,0,0
1369,174,24,72,2,101,"A","B",1,1,0,1,1
1370,383,25,159,4,104,"B","B",1,1,0,1,0
1371,578,51,240,13,99,"B","B",1,1,0,1,0
1372,194,29,151,6,100,"A","B",1,1,0,1,1
1373,191,27,79,3,120,"A","A",1,0,0,1,1
1374,198,27,82,8,87,"A","A",1,0,0,1,1
1375,541,26,1335,6,102,"B","A",1,0,0,1,0
1376,403,27,167,3,98,"B","B",1,1,0,0,0
1377,287,27,119,5,102,"A","C",0,1,0,0,0
1378,400,31,166,6,70,"B","B",1,1,0,1,0
1379,399,22,166,0,107,"B","B",1,1,0,0,0
1380,208,23,86,3,95,"A","C",0,1,0,1,1
1381,553,25,230,7,92,"B","B",1,1,0,0,0
1382,397,19,624,0,100,"B","C",0,1,0,1,0
1383,401,36,167,4,109,"B","B",1,1,0,1,1
1384,553,35,230,6,108,"B","B",1,1,1,0,1
1385,424,20,176,1,110,"B","A",1,0,0,0,0
1386,372,35,155,3,90,"B","B",1,1,0,1,0
1387,433,20,180,0,98,"B","A",1,0,0,1,0
1388,498,38,207,13,102,"B","B",1,1,0,1,0
1389,378,31,171,7,98,"B","B",1,1,0,1,0
1390,256,25,106,4,102,"A","B",1,1,0,1,1
1391,408,29,170,2,93,"A","C",0,1,0,1,1
1392,264,24,0,6,92,"A","C",0,1,0,0,0
1393,235,19,1747,1,114,"B","A",1,0,0,1,0
1394,489,40,203,7,90,"C","B",1,1,0,1,0
1395,498,28,0,4,96,"B","B",1,1,0,0,0
1396,610,41,254,7,110,"C","B",1,1,0,1,0
1397,433,20,180,0,87,"B","A",1,0,0,1,0
1398,481,32,285,6,109,"B","B",1,1,0,0,0
1399,166,19,0,0,118,"A","A",1,0,1,1,1
1400,405,47,168,9,90,"B","B",1,1,0,1,0
1401,344,37,143,3,119,"B","B",1,1,0,1,0
1402,393,20,0,0,81,"B","A",1,0,0,1,0
1403,749,55,0,8,95,"C","B",1,1,0,1,0
1404,427,42,1341,12,90,"B","B",1,1,0,1,0
1405,304,24,126,1,100,"B","B",1,1,0,1,0
1406,524,50,148,9,104,"B","B",1,1,0,1,0
1407,430,38,179,5,105,"A","C",0,1,0,1,1
1408,211,34,509,7,113,"B","B",1,1,0,1,1
1409,375,19,0,0,110,"B","A",1,0,1,1,1
1410,371,36,262,4,95,"B","C",0,1,0,1,1
1411,396,32,165,6,97,"B","C",0,1,0,1,1
1412,195,18,81,2,110,"A","A",1,0,1,1,1
1413,417,21,173,1,96,"B","A",1,0,0,1,0
1414,510,42,212,5,126,"B","B",1,1,1,1,1
1415,412,30,171,3,95,"B","B",1,1,1,1,1
1416,353,28,147,5,95,"B","B",1,1,0,1,0
1417,554,29,0,4,108,"B","B",1,1,0,1,0
1418,429,27,178,6,79,"B","B",1,1,0,1,1
1419,454,50,189,10,93,"C","B",1,1,0,1,0
1420,296,33,643,7,88,"B","B",1,1,0,1,0
1421,358,23,0,3,105,"B","B",1,1,0,1,0
1422,461,20,192,1,107,"B","C",0,1,0,1,0
1423,403,27,167,3,103,"B","B",1,1,0,0,0
1424,452,25,188,4,113,"B","B",1,1,0,1,0
1425,461,20,192,1,103,"B","C",0,1,0,1,0
1426,535,41,222,6,94,"C","B",1,1,0,1,0
1427,352,21,146,2,125,"C","A",1,0,0,1,1
1428,691,51,287,8,91,"C","C",0,1,0,1,0
1429,397,36,610,14,136,"B","B",1,1,0,1,0
1430,444,43,162,10,101,"B","A",1,0,1,0,1
1431,633,38,263,4,88,"C","A",1,0,0,1,0
1432,697,45,0,13,82,"C","B",1,1,0,0,0
1433,442,24,0,2,98,"B","B",1,1,0,0,0
1434,458,40,190,5,89,"B","C",0,1,0,1,0
1435,498,28,0,4,105,"B","B",1,1,0,0,0
1436,633,38,263,4,107,"C","A",1,0,0,1,0
1437,277,27,681,6,102,"A","A",1,0,0,1,0
1438,355,24,0,4,93,"B","B",1,1,0,1,0
1439,370,26,154,6,100,"B","B",1,1,0,1,0
1440,343,28,142,5,114,"B","B",1,1,0,1,0
1441,672,51,280,10,109,"C","B",1,1,0,0,0
1442,329,23,308,3,115,"B","B",1,1,0,1,0
1443,515,42,0,13,100,"B","B",1,1,0,0,0
1444,887,58,369,9,107,"D","B",1,1,0,0,0
1445,296,28,461,6,97,"B","A",1,0,0,1,0
1446,443,28,184,9,100,"B","B",1,1,0,0,0
1447,160,18,0,2,108,"A","A",1,0,0,1,1
1448,386,24,396,3,100,"B","C",0,1,0,1,1
1449,464,38,1395,3,110,"B","B",1,1,0,1,0
1450,814,55,339,9,112,"C","B",1,1,0,1,0
